{"569": {"model": "Unet", "epochs": {"0": {"validation_loss": 0.06401520032788066, "avg_train_loss": 0.055944827841291435, "elapsed_time": -1122.6720895767212}, "1": {"validation_loss": 0.057469697337141024, "avg_train_loss": 0.015253009502948608, "elapsed_time": -2049.6843008995056}, "2": {"validation_loss": 0.051099753138371895, "avg_train_loss": 0.012639012076861807, "elapsed_time": -2974.921553134918}, "3": {"validation_loss": 0.047350956161099855, "avg_train_loss": 0.011300265021059627, "elapsed_time": -3903.905372619629}, "4": {"validation_loss": 0.051421102643555816, "avg_train_loss": 0.01116644357624351, "elapsed_time": -4833.297086954117}, "5": {"validation_loss": 0.044978655297880255, "avg_train_loss": 0.010255891722996742, "elapsed_time": -5758.639878034592}, "6": {"validation_loss": 0.056174847247689286, "avg_train_loss": 0.009948699424202508, "elapsed_time": -6686.335566043854}, "7": {"validation_loss": 0.04337946954548877, "avg_train_loss": 0.009543042608018495, "elapsed_time": -7613.689024448395}, "8": {"validation_loss": 0.04576722373617914, "avg_train_loss": 0.009653962857215957, "elapsed_time": -8542.613545179367}, "9": {"validation_loss": 0.045761516415058656, "avg_train_loss": 0.009353277513765404, "elapsed_time": -9467.833428621292}, "10": {"validation_loss": 0.04625000505513832, "avg_train_loss": 0.008943795681074172, "elapsed_time": -10394.905772686005}, "11": {"validation_loss": 0.04182927274627657, "avg_train_loss": 0.008209494013850247, "elapsed_time": -11319.925336837769}, "12": {"validation_loss": 0.043605382412984506, "avg_train_loss": 0.007961024942455559, "elapsed_time": -12244.571948766708}, "13": {"validation_loss": 0.04301491230362242, "avg_train_loss": 0.007882763745371906, "elapsed_time": -13173.159526109695}, "14": {"validation_loss": 0.04507202962192347, "avg_train_loss": 0.007777640810126245, "elapsed_time": -14098.23760843277}, "15": {"validation_loss": 0.04235011289864665, "avg_train_loss": 0.007673682617260949, "elapsed_time": -15026.24429988861}, "16": {"validation_loss": 0.04153281559608324, "avg_train_loss": 0.007698355036543912, "elapsed_time": -15952.2133975029}, "17": {"validation_loss": 0.0457293250207651, "avg_train_loss": 0.007714111989550172, "elapsed_time": -16879.2312810421}, "18": {"validation_loss": 0.04214749952187602, "avg_train_loss": 0.007726573048536098, "elapsed_time": -17805.142203569412}, "19": {"validation_loss": 0.04253256238683034, "avg_train_loss": 0.00765591493456853, "elapsed_time": -18732.14408493042}, "20": {"validation_loss": 0.04154328760227277, "avg_train_loss": 0.007626565607544405, "elapsed_time": -19658.335429668427}, "21": {"validation_loss": 0.042370282698269035, "avg_train_loss": 0.007603824804692689, "elapsed_time": -20582.207788705826}}, "batch_size": 1, "learning_rate": 0.0001, "validation_size": 0.2, "patience": 5, "feature_extraction": false, "deep_supervision": true, "dropout": true, "modality": "multibinary", "fine_tuning": false, "augmentation": true, "loss_criteria": {"1": "coarse", "2": "coarse", "3": "coarse", "4": "coarse", "5": "coarse", "6": "coarse", "coarse": "coarse"}, "loaded_models": {"1": "Dataset(StructSeg2019_Task3_Thoracic_OAR)_Model(Classic Unet Coarse)_Experiment(465)_Epoch(20)_Loss(0.0083)_LossCrit(coarse)_Scale(1)_augmentedDB.pth", "2": "Dataset(StructSeg2019_Task3_Thoracic_OAR)_Model(Classic Unet Coarse)_Experiment(465)_Epoch(20)_Loss(0.0083)_LossCrit(coarse)_Scale(1)_augmentedDB.pth", "3": "Dataset(StructSeg2019_Task3_Thoracic_OAR)_Model(Classic Unet Coarse)_Experiment(465)_Epoch(20)_Loss(0.0083)_LossCrit(coarse)_Scale(1)_augmentedDB.pth", "4": "Dataset(StructSeg2019_Task3_Thoracic_OAR)_Model(Classic Unet Coarse)_Experiment(465)_Epoch(20)_Loss(0.0083)_LossCrit(coarse)_Scale(1)_augmentedDB.pth", "5": "Dataset(StructSeg2019_Task3_Thoracic_OAR)_Model(Classic Unet Coarse)_Experiment(465)_Epoch(20)_Loss(0.0083)_LossCrit(coarse)_Scale(1)_augmentedDB.pth", "6": "Dataset(StructSeg2019_Task3_Thoracic_OAR)_Model(Classic Unet Coarse)_Experiment(465)_Epoch(20)_Loss(0.0083)_LossCrit(coarse)_Scale(1)_augmentedDB.pth", "coarse": "Dataset(StructSeg2019_Task3_Thoracic_OAR)_Model(Classic Unet Coarse)_Experiment(465)_Epoch(20)_Loss(0.0083)_LossCrit(coarse)_Scale(1)_augmentedDB.pth"}, "organ": "RightLung"}, "575": {"model": "Unet", "epochs": {"0": {"validation_loss": 0.25820213010119475, "avg_train_loss": 0.06784624872175307, "elapsed_time": 1128.1332941055298}, "1": {"validation_loss": 0.06034644084691809, "avg_train_loss": 0.01957124837427174, "elapsed_time": 2054.447500228882}, "2": {"validation_loss": 0.04355188446855329, "avg_train_loss": 0.014526888273038944, "elapsed_time": 2979.742434501648}, "3": {"validation_loss": 0.037349052985413356, "avg_train_loss": 0.012662603482017276, "elapsed_time": 3913.3938331604004}, "4": {"validation_loss": 0.03792895469888646, "avg_train_loss": 0.011899370120300137, "elapsed_time": 4848.778281211853}, "5": {"validation_loss": 0.03839403737505853, "avg_train_loss": 0.011470743066144987, "elapsed_time": 5777.759548187256}, "6": {"validation_loss": 0.03922595275320684, "avg_train_loss": 0.010894845239432729, "elapsed_time": 6705.959729671478}, "7": {"validation_loss": 0.03394935377045716, "avg_train_loss": 0.009702903724967066, "elapsed_time": 7631.6206777095795}, "8": {"validation_loss": 0.0332141331848359, "avg_train_loss": 0.009524269856000288, "elapsed_time": 8562.386100053787}, "9": {"validation_loss": 0.03160999016820143, "avg_train_loss": 0.009398862639909487, "elapsed_time": 9490.818629026413}, "10": {"validation_loss": 0.0326977089517515, "avg_train_loss": 0.009169908770694391, "elapsed_time": 10419.880311727524}, "11": {"validation_loss": 0.033027059455021934, "avg_train_loss": 0.00910926901636179, "elapsed_time": 11347.670315980911}, "12": {"validation_loss": 0.03509798427636679, "avg_train_loss": 0.009069224946830575, "elapsed_time": 12278.269639015198}, "13": {"validation_loss": 0.0334953321236221, "avg_train_loss": 0.00882044429505171, "elapsed_time": 13204.463317155838}, "14": {"validation_loss": 0.032489262116844, "avg_train_loss": 0.00881187467943739, "elapsed_time": 14134.391740560532}}, "batch_size": 1, "learning_rate": 0.0001, "validation_size": 0.2, "patience": 5, "feature_extraction": false, "deep_supervision": true, "dropout": true, "modality": "multibinary", "fine_tuning": false, "augmentation": true, "loss_criteria": {"1": "coarse", "2": "coarse", "3": "coarse", "4": "coarse", "5": "coarse", "6": "coarse", "coarse": "coarse"}, "loaded_models": {"1": "Dataset(StructSeg2019_Task3_Thoracic_OAR)_Model(Classic Unet Coarse)_Experiment(465)_Epoch(20)_Loss(0.0083)_LossCrit(coarse)_Scale(1)_augmentedDB.pth", "2": "Dataset(StructSeg2019_Task3_Thoracic_OAR)_Model(Classic Unet Coarse)_Experiment(465)_Epoch(20)_Loss(0.0083)_LossCrit(coarse)_Scale(1)_augmentedDB.pth", "3": "Dataset(StructSeg2019_Task3_Thoracic_OAR)_Model(Classic Unet Coarse)_Experiment(465)_Epoch(20)_Loss(0.0083)_LossCrit(coarse)_Scale(1)_augmentedDB.pth", "4": "Dataset(StructSeg2019_Task3_Thoracic_OAR)_Model(Classic Unet Coarse)_Experiment(465)_Epoch(20)_Loss(0.0083)_LossCrit(coarse)_Scale(1)_augmentedDB.pth", "5": "Dataset(StructSeg2019_Task3_Thoracic_OAR)_Model(Classic Unet Coarse)_Experiment(465)_Epoch(20)_Loss(0.0083)_LossCrit(coarse)_Scale(1)_augmentedDB.pth", "6": "Dataset(StructSeg2019_Task3_Thoracic_OAR)_Model(Classic Unet Coarse)_Experiment(465)_Epoch(20)_Loss(0.0083)_LossCrit(coarse)_Scale(1)_augmentedDB.pth", "coarse": "Dataset(StructSeg2019_Task3_Thoracic_OAR)_Model(Classic Unet Coarse)_Experiment(465)_Epoch(20)_Loss(0.0083)_LossCrit(coarse)_Scale(1)_augmentedDB.pth"}, "organ": "LeftLung"}, "608": {"model": "Unet", "epochs": {"0": {"validation_loss": 1.0, "avg_train_loss": 2.5516109717806246, "elapsed_time": 1158.902223110199}, "1": {"validation_loss": 1.0, "avg_train_loss": 2.4547378597601788, "elapsed_time": 2147.6677861213684}}, "batch_size": 1, "learning_rate": 0.0001, "validation_size": 0.2, "patience": 5,