{
  "569": {
    "model": "Unet",
    "epochs": {
      "0": {
        "validation_loss": 0.06401520032788066,
        "avg_train_loss": 0.055944827841291435,
        "elapsed_time": -1122.6720895767212
      },
      "1": {
        "validation_loss": 0.057469697337141024,
        "avg_train_loss": 0.015253009502948608,
        "elapsed_time": -2049.6843008995056
      },
      "2": {
        "validation_loss": 0.051099753138371895,
        "avg_train_loss": 0.012639012076861807,
        "elapsed_time": -2974.921553134918
      },
      "3": {
        "validation_loss": 0.047350956161099855,
        "avg_train_loss": 0.011300265021059627,
        "elapsed_time": -3903.905372619629
      },
      "4": {
        "validation_loss": 0.051421102643555816,
        "avg_train_loss": 0.01116644357624351,
        "elapsed_time": -4833.297086954117
      },
      "5": {
        "validation_loss": 0.044978655297880255,
        "avg_train_loss": 0.010255891722996742,
        "elapsed_time": -5758.639878034592
      },
      "6": {
        "validation_loss": 0.056174847247689286,
        "avg_train_loss": 0.009948699424202508,
        "elapsed_time": -6686.335566043854
      },
      "7": {
        "validation_loss": 0.04337946954548877,
        "avg_train_loss": 0.009543042608018495,
        "elapsed_time": -7613.689024448395
      },
      "8": {
        "validation_loss": 0.04576722373617914,
        "avg_train_loss": 0.009653962857215957,
        "elapsed_time": -8542.613545179367
      },
      "9": {
        "validation_loss": 0.045761516415058656,
        "avg_train_loss": 0.009353277513765404,
        "elapsed_time": -9467.833428621292
      },
      "10": {
        "validation_loss": 0.04625000505513832,
        "avg_train_loss": 0.008943795681074172,
        "elapsed_time": -10394.905772686005
      },
      "11": {
        "validation_loss": 0.04182927274627657,
        "avg_train_loss": 0.008209494013850247,
        "elapsed_time": -11319.925336837769
      },
      "12": {
        "validation_loss": 0.043605382412984506,
        "avg_train_loss": 0.007961024942455559,
        "elapsed_time": -12244.571948766708
      },
      "13": {
        "validation_loss": 0.04301491230362242,
        "avg_train_loss": 0.007882763745371906,
        "elapsed_time": -13173.159526109695
      },
      "14": {
        "validation_loss": 0.04507202962192347,
        "avg_train_loss": 0.007777640810126245,
        "elapsed_time": -14098.23760843277
      },
      "15": {
        "validation_loss": 0.04235011289864665,
        "avg_train_loss": 0.007673682617260949,
        "elapsed_time": -15026.24429988861
      },
      "16": {
        "validation_loss": 0.04153281559608324,
        "avg_train_loss": 0.007698355036543912,
        "elapsed_time": -15952.2133975029
      },
      "17": {
        "validation_loss": 0.0457293250207651,
        "avg_train_loss": 0.007714111989550172,
        "elapsed_time": -16879.2312810421
      },
      "18": {
        "validation_loss": 0.04214749952187602,
        "avg_train_loss": 0.007726573048536098,
        "elapsed_time": -17805.142203569412
      },
      "19": {
        "validation_loss": 0.04253256238683034,
        "avg_train_loss": 0.00765591493456853,
        "elapsed_time": -18732.14408493042
      },
      "20": {
        "validation_loss": 0.04154328760227277,
        "avg_train_loss": 0.007626565607544405,
        "elapsed_time": -19658.335429668427
      },
      "21": {
        "validation_loss": 0.042370282698269035,
        "avg_train_loss": 0.007603824804692689,
        "elapsed_time": -20582.207788705826
      }
    },
    "batch_size": 1,
    "learning_rate": 0.0001,
    "validation_size": 0.2,
    "patience": 5,
    "feature_extraction": false,
    "deep_supervision": true,
    "dropout": true,
    "modality": "multibinary",
    "fine_tuning": false,
    "augmentation": true,
    "loss_criteria": {
      "1": "coarse",
      "2": "coarse",
      "3": "coarse",
      "4": "coarse",
      "5": "coarse",
      "6": "coarse",
      "coarse": "coarse"
    },
    "loaded_models": {
      "1": "Dataset(StructSeg2019_Task3_Thoracic_OAR)_Model(Classic Unet Coarse)_Experiment(465)_Epoch(20)_Loss(0.0083)_LossCrit(coarse)_Scale(1)_augmentedDB.pth",
      "2": "Dataset(StructSeg2019_Task3_Thoracic_OAR)_Model(Classic Unet Coarse)_Experiment(465)_Epoch(20)_Loss(0.0083)_LossCrit(coarse)_Scale(1)_augmentedDB.pth",
      "3": "Dataset(StructSeg2019_Task3_Thoracic_OAR)_Model(Classic Unet Coarse)_Experiment(465)_Epoch(20)_Loss(0.0083)_LossCrit(coarse)_Scale(1)_augmentedDB.pth",
      "4": "Dataset(StructSeg2019_Task3_Thoracic_OAR)_Model(Classic Unet Coarse)_Experiment(465)_Epoch(20)_Loss(0.0083)_LossCrit(coarse)_Scale(1)_augmentedDB.pth",
      "5": "Dataset(StructSeg2019_Task3_Thoracic_OAR)_Model(Classic Unet Coarse)_Experiment(465)_Epoch(20)_Loss(0.0083)_LossCrit(coarse)_Scale(1)_augmentedDB.pth",
      "6": "Dataset(StructSeg2019_Task3_Thoracic_OAR)_Model(Classic Unet Coarse)_Experiment(465)_Epoch(20)_Loss(0.0083)_LossCrit(coarse)_Scale(1)_augmentedDB.pth",
      "coarse": "Dataset(StructSeg2019_Task3_Thoracic_OAR)_Model(Classic Unet Coarse)_Experiment(465)_Epoch(20)_Loss(0.0083)_LossCrit(coarse)_Scale(1)_augmentedDB.pth"
    },
    "organ": "RightLung"
  },
  "664": {
    "model": "Unet",
    "epochs": {
      "0": {
        "validation_loss": 0.03207360069339185,
        "avg_train_loss": 0.19488398331193918,
        "elapsed_time": 1182.9215912818909
      },
      "1": {
        "validation_loss": 0.023894177406434184,
        "avg_train_loss": 0.0598699193203508,
        "elapsed_time": 2160.237623691559
      },
      "2": {
        "validation_loss": 0.012662580334210609,
        "avg_train_loss": 0.048243891420055536,
        "elapsed_time": 3130.2678673267365
      },
      "3": {
        "validation_loss": 0.01573454690325091,
        "avg_train_loss": 0.04244531066743083,
        "elapsed_time": 4105.401296377182
      },
      "4": {
        "validation_loss": 0.011014828765424402,
        "avg_train_loss": 0.03898048545846427,
        "elapsed_time": 5094.08891248703
      },
      "5": {
        "validation_loss": 0.011134579977872915,
        "avg_train_loss": 0.03682086452392192,
        "elapsed_time": 6080.597327232361
      },
      "6": {
        "validation_loss": 0.009400182710126147,
        "avg_train_loss": 0.03495827515391972,
        "elapsed_time": 7073.715407848358
      },
      "7": {
        "validation_loss": 0.008273361214093423,
        "avg_train_loss": 0.03380130925170202,
        "elapsed_time": 8046.484235286713
      },
      "8": {
        "validation_loss": 0.010141236258645858,
        "avg_train_loss": 0.032762577313852216,
        "elapsed_time": 9019.234986543655
      },
      "9": {
        "validation_loss": 0.007841809348979243,
        "avg_train_loss": 0.03204495673472425,
        "elapsed_time": 9993.545763254166
      },
      "10": {
        "validation_loss": 0.012876162947202344,
        "avg_train_loss": 0.03145948332985871,
        "elapsed_time": 10985.940517425537
      },
      "11": {
        "validation_loss": 0.008009851797833487,
        "avg_train_loss": 0.03044961558436958,
        "elapsed_time": 11991.05951666832
      },
      "12": {
        "validation_loss": 0.007255322816395675,
        "avg_train_loss": 0.03056542173160906,
        "elapsed_time": 12976.253392219543
      },
      "13": {
        "validation_loss": 0.007494586740626362,
        "avg_train_loss": 0.02953212172681458,
        "elapsed_time": 13975.21285033226
      },
      "14": {
        "validation_loss": 0.007515760459171945,
        "avg_train_loss": 0.029592483837150272,
        "elapsed_time": 14957.32712674141
      },
      "15": {
        "validation_loss": 0.0075862171304515984,
        "avg_train_loss": 0.029327016306776754,
        "elapsed_time": 15929.58746099472
      },
      "16": {
        "validation_loss": 0.006366458359400766,