{"1": {"organ": ["Heart"], "model": "Unet", "max_num_epochs": 1000, "epoch_results": {}, "batch_size": 1, "learning_rate": 0.0001, "validation_size": 0.2, "patience": 5, "feature_extraction": false, "deep_supervision": true, "dropout": false, "fine_tuning": false, "augmentation": true, "loss_criteria": "dice", "loss_weights": [1, 1], "pretrained_model": "931/model_best.model", "class_weights": [1.0, 1.0, 1.0, 1.0, 0.8, 0.7, 1.0], "train_loss_MA_alpha": 0.93, "train_loss_MA_eps": 0.0005, "val_eval_criterion_alpha": 0.9}, "2": {"organ": ["Heart"], "model": "Unet", "max_num_epochs": 1000, "epoch_results": {}, "batch_size": 1, "learning_rate": 0.0001, "validation_size": 0.2, "patience": 5, "feature_extraction": false, "deep_supervision": false, "dropout": false, "fine_tuning": false, "augmentation": true, "loss_criteria": "dice", "loss_weights": [1, 1], "pretrained_model": "931/model_best.model", "class_weights": [1.0, 1.0, 1.0, 1.0, 0.8, 0.7, 1.0], "train_loss_MA_alpha": 0.93, "train_loss_MA_eps": 0.0005, "val_eval_criterion_alpha": 0.9}, "3": {"organ": ["Heart"], "model": "Unet", "max_num_epochs": 1000, "epoch_results": {"0": {"validation_loss": 0.071066714823246, "avg_train_loss": 0.05951857566833496, "loss_custom_val": 0.8421692646100831, "val_eval_criterion_MA": -0.071066714823246, "train_loss_MA": 0.05951857566833496}, "1": {"validation_loss": 0.052387479692697525, "avg_train_loss": 0.0338592492043972, "loss_custom_val": 0.7395753855860865, "val_eval_criterion_MA": -0.06919879131019116, "train_loss_MA": 0.05772242281585932}, "2": {"validation_loss": 0.04956024885177612, "avg_train_loss": 0.026747483760118484, "loss_custom_val": 0.6028710695615552, "val_eval_criterion_MA": -0.06723493706434966, "train_loss_MA": 0.055554177081957465}, "3": {"validation_loss": 0.051325276494026184, "avg_train_loss": 0.02388894185423851, "loss_custom_val": 0.6658981930221244, "val_eval_criterion_MA": -0.06564397100731731, "train_loss_MA": 0.05333761061601714}, "4": {"validation_loss": 0.028502853587269783, "avg_train_loss": 0.02246439829468727, "loss_custom_val": 0.3906982301375864, "val_eval_criterion_MA": -0.06192985926531256, "train_loss_MA": 0.05117648575352405}, "5": {"validation_loss": 0.02851060964167118, "avg_train_loss": 0.020216695964336395, "loss_custom_val": 0.43956377705876226, "val_eval_criterion_MA": -0.058587934302948425, "train_loss_MA": 0.04900930046828091}, "6": {"validation_loss": 0.040980447083711624, "avg_train_loss": 0.01899714022874832, "loss_custom_val": 0.6224719225307764, "val_eval_criterion_MA": -0.056827185581024744, "train_loss_MA": 0.046908449251513634}, "7": {"validation_loss": 0.03208799660205841, "avg_train_loss": 0.017857084050774574, "loss_custom_val": 0.5380923451177902, "val_eval_criterion_MA": -0.054353266683128114, "train_loss_MA": 0.0448748536874619}, "8": {"validation_loss": 0.03822175785899162, "avg_train_loss": 0.016658971086144447, "loss_custom_val": 0.6337778161837931, "val_eval_criterion_MA": -0.052740115800714464, "train_loss_MA": 0.04289974190536968}, "9": {"validation_loss": 0.03220304101705551, "avg_train_loss": 0.015373910777270794, "loss_custom_val": 0.55221494195534, "val_eval_criterion_MA": -0.05068640832234857, "train_loss_MA": 0.040972933726402753}, "10": {"validation_loss": 0.025279007852077484, "avg_train_loss": 0.01576852798461914, "loss_custom_val": 0.31669430214499505, "val_eval_criterion_MA": -0.048145668275321456, "train_loss_MA": 0.03920862532447791}, "11": {"validation_loss": 0.021057233214378357, "avg_train_loss": 0.014651103876531124, "loss_custom_val": 0.32264156767836416, "val_eval_criterion_MA": -0.04543682476922715, "train_loss_MA": 0.03748959882312163}, "12": {"validation_loss": 0.03808657452464104, "avg_train_loss": 0.014098706655204296, "loss_custom_val": 0.6207337116853621, "val_eval_criterion_MA": -0.04470179974476853, "train_loss_MA": 0.03585223637136742}, "13": {"validation_loss": 0.03599425032734871, "avg_train_loss": 0.013693267479538918, "loss_custom_val": 0.7096457734157116, "val_eval_criterion_MA": -0.04383104480302655, "train_loss_MA": 0.034301108548939425}, "14": {"validation_loss": 0.029444623738527298, "avg_train_loss": 0.013532260432839394, "loss_custom_val": 0.3010415977560498, "val_eval_criterion_MA": -0.042392402696576625, "train_loss_MA": 0.03284728918081243}, "15": {"validation_loss": 0.029762504622340202, "avg_train_loss": 0.013212333433330059, "loss_custom_val": 0.6029580820105276, "val_eval_criterion_MA": -0.041129412889152984, "train_loss_MA": 0.031472842278488664}, "16": {"validation_loss": 0.039768047630786896, "avg_train_loss": 0.013064333237707615, "loss_custom_val": 0.6732332731573456, "val_eval_criterion_MA": -0.04099327636331638, "train_loss_MA": 0.030184246645633992}, "17": {"validation_loss": 0.0413321889936924, "avg_train_loss": 0.012482644990086555, "loss_custom_val": 0.7270025457054557, "val_eval_criterion_MA": -0.04102716762635398, "train_loss_MA": 0.028945134529745672}, "18": {"validation_loss": 0.0336344912648201, "avg_train_loss": 0.013276781886816025, "loss_custom_val": 0.4644032439198653, "val_eval_criterion_MA": -0.04028789999020059, "train_loss_MA": 0.0278483498447406}, "19": {"validation_loss": 0.034070875495672226, "avg_train_loss": 0.012313921004533768, "loss_custom_val": 0.5782349613387097, "val_eval_criterion_MA": -0.03966619754074775, "train_loss_MA": 0.02676093982592612}, "20": {"validation_loss": 0.021914996206760406, "avg_train_loss": 0.012316389940679073, "loss_custom_val": 0.3064300495601229, "val_eval_criterion_MA": -0.03789107740734902, "train_loss_MA": 0.02574982133395883}, "21": {"validation_loss": 0.027079448103904724, "avg_train_loss": 0.011925644241273403, "loss_custom_val": 0.3882217379139731, "val_eval_criterion_MA": -0.03680991447700459, "train_loss_MA": 0.02478212893747085}, "22": {"validation_loss": 0.023099692538380623, "avg_train_loss": 0.011731559410691261, "loss_custom_val": 0.2792809648278076, "val_eval_criterion_MA": -0.0354388922831422, "train_loss_MA": 0.02386858907059628}, "23": {"validation_loss": 0.030185703188180923, "avg_train_loss": 0.011139868758618832, "loss_custom_val": 0.24009749161801897, "val_eval_criterion_MA": -0.034913573373646076, "train_loss_MA": 0.02297757864875786}, "24": {"validation_loss": 0.020357124507427216, "avg_train_loss": 0.011339012533426285, "loss_custom_val": 0.2502920281612113, "val_eval_criterion_MA": -0.03345792848702419, "train_loss_MA": 0.02216287902068465}, "25": {"validation_loss": 0.029143743216991425, "avg_train_loss": 0.011564705520868301, "loss_custom_val": 0.4718384861267968, "val_eval_criterion_MA": -0.03302650996002091, "train_loss_MA": 0.021421006875697503}, "26": {"validation_loss": 0.024145543575286865, "avg_train_loss": 0.010997913777828217, "loss_custom_val": 0.379800947294738, "val_eval_criterion_MA": -0.03213841332154751, "train_loss_MA": 0.020691390358846654}, "27": {"validation_loss": 0.02198476530611515, "avg_train_loss": 0.011061079800128937, "loss_custom_val": 0.4059915645089106, "val_eval_criterion_MA": -0.031123048520004273, "train_loss_MA": 0.020017268619736413}, "28": {"validation_loss": 0.027847718447446823, "avg_train_loss": 0.010851116850972176, "loss_custom_val": 0.5788094422683732, "val_eval_criterion_MA": -0.030795515512748527, "train_loss_MA": 0.019375637995922918}}, "batch_size": 1, "learning_rate": 0.0001, "validation_size": 0.2, "patience": 5, "feature_extraction": false, "deep_supervision": false, "dropout": false, "fine_tuning": false, "augmentation": true, "loss_criteria": "dice", "loss_weights": [1, 1], "pretrained_model": "931/model_best.model", "class_weights": [1.0, 1.0, 1.0, 1.0, 0.8, 0.7, 1.0], "train_loss_MA_alpha": 0.93, "train_loss_MA_eps": 0.0005, "val_eval_criterion_alpha": 0.9}, "4": {"organ": ["Heart"], "model": "Unet", "max_num_epochs": 1000, "epoch_results": {}, "batch_size": 1, "learning_rate": 0.0001, "validation_size": 0.2, "patience": 5, "feature_extraction": false, "deep_supervision": false, "dropout": false,